id,title,score,num_comments,author,created_utc,url,over_18,edited,spoiler,stickied
1gy0s79,outOfMemory,525,55,smulikHakipod,2024-11-23 14:26:29,https://i.redd.it/dhn1zflcvn2e1.jpeg,False,False,False,False
1gy5ny4,Stripe Data Tech Stack,68,19,mjfnd,2024-11-23 18:02:22,https://www.junaideffendi.com/p/stripe-data-tech-stack?r=cqjft&utm_campaign=post&utm_medium=web,False,False,False,False
1gyf9o6,Data Stack - Where Itâ€™s Headed?,16,6,levsell,2024-11-24 01:19:17,https://www.reddit.com/r/dataengineering/comments/1gyf9o6/data_stack_where_its_headed/,False,False,False,False
1gxx90g,General real-world Airflow ETL/ELT pipeline patterns,11,2,Nightwyrm,2024-11-23 11:04:57,https://www.reddit.com/r/dataengineering/comments/1gxx90g/general_realworld_airflow_etlelt_pipeline_patterns/,False,False,False,False
1gxvltm,Anyone with a ballpark idea of Astronomer.io Airflow pricing?,7,4,General-Parsnip3138,2024-11-23 09:09:57,https://www.reddit.com/r/dataengineering/comments/1gxvltm/anyone_with_a_ballpark_idea_of_astronomerio/,False,False,False,False
1gxykgq,Customer data platform base on realtime user log,6,3,Upbeat-Resort6755,2024-11-23 12:29:43,https://www.reddit.com/r/dataengineering/comments/1gxykgq/customer_data_platform_base_on_realtime_user_log/,False,False,False,False
1gy3lpw,Your opinion on entertaining educational content.,6,3,ninja-con-gafas,2024-11-23 16:32:50,https://youtube.com/playlist?list=PL6ptAl65gAarF_bRAyowodY4lqxOJFksn,False,False,False,False
1gyf53h,DuckDB Memory Issues and PostgreSQL Migration Advice Needed,7,24,Pretend_Bite1501,2024-11-24 01:12:49,https://www.reddit.com/r/dataengineering/comments/1gyf53h/duckdb_memory_issues_and_postgresql_migration/,False,False,False,False
1gybmcg,Improving my current Data Pipeline,2,1,Massive_Yard_5010,2024-11-23 22:25:18,https://www.reddit.com/r/dataengineering/comments/1gybmcg/improving_my_current_data_pipeline/,False,False,False,False
1gy9ijc,Daily tasks,4,3,alvivan_,2024-11-23 20:50:59,https://www.reddit.com/r/dataengineering/comments/1gy9ijc/daily_tasks/,False,False,False,False
1gyfidr,Database logic model question,3,0,_barros_24,2024-11-24 01:31:47,https://www.reddit.com/r/dataengineering/comments/1gyfidr/database_logic_model_question/,False,False,False,False
1gy52eg,How do I dynamically account for list in API pipeline? ,2,2,Evening-Mousse-1812,2024-11-23 17:36:26,https://www.reddit.com/r/dataengineering/comments/1gy52eg/how_do_i_dynamically_account_for_list_in_api/,False,False,False,False
1gyj3e5,Should I get Strata Scratch Life time?,1,3,ResearchCandid9068,2024-11-24 04:51:26,https://www.reddit.com/r/dataengineering/comments/1gyj3e5/should_i_get_strata_scratch_life_time/,False,False,False,False
1gyiknj,Who's Hiring a Technical Writer?,0,1,VastDoughnut9476,2024-11-24 04:20:08,https://www.reddit.com/r/dataengineering/comments/1gyiknj/whos_hiring_a_technical_writer/,False,False,False,False
1gyc3xj,Why is spark written in Java?,0,44,kritap55,2024-11-23 22:47:43,https://www.reddit.com/r/dataengineering/comments/1gyc3xj/why_is_spark_written_in_java/,False,False,False,False
1gy72tt,Is this a genuine Airbyte website? ,0,2,visionaryperception,2024-11-23 19:03:11,https://i.redd.it/3bscfoim8p2e1.jpeg,False,False,False,False
